founder_uuid,success
ef9c8004-4689-436f-a457-6593bc03d0c2,1
960603db-f07c-4bab-af93-acc0602183be,1
7a520e00-d861-4ffa-99b3-8bd535016c3d,1
36a83cfe-f594-459b-ab73-293b52fdbcab,1
d605f360-37dc-4b1a-9d51-d4dfc70fc30f,1
565998ae-a419-4992-9a9d-9e772060102d,1
2aca3c98-7155-430e-8515-1f96f3d32779,1
ca2947ea-cfae-43d2-b44b-d7f526219e0b,1
5d840ddc-1f52-4cd4-b2f9-dd80691bb697,1
7e10f7e9-68c0-4b99-b4b2-ed795590a51a,1
214f7109-4367-4d6e-bf98-db8549e9b343,1
e8d9aec5-3b7f-4185-bc64-391a82869ed8,1
b7ebe404-2f2a-4b95-8c16-fc5db7465ba1,1
a611d17e-7b0e-472c-b28d-0137a0cdb11d,1
d9e3d9c8-dc84-4109-a4d4-1f3316c91ab1,1
408d2d0c-b4af-4e3a-9500-72fde350544c,1
ee0deccb-910a-495d-aef7-6373d5b12c06,1
9e87dc55-756b-4e2a-a89a-911d4067302c,1
de879da2-9c31-41aa-998d-ddd7445a29bc,1
81594941-eb84-40ec-83bd-6fa1a8e173fc,1
a5041dc9-83a7-4f9f-a136-0774080899ec,1
aad879a8-ec03-4101-909c-333f51b53660,1
d96f7eb7-6cdd-4496-8132-4c0fd1f995e0,1
0acceecc-d72e-42c7-a732-4ddc539d637e,1
5e1709bf-5d4e-47b9-b1dc-83cb32901efb,1
b2c64213-d237-471e-8caa-fce049ce4091,1
f3b03e18-c10b-460d-99e0-f0ce5501a6f3,1
45e682d1-26a9-414a-ba5d-8f87ebcbdb5b,1
1db887fa-3958-4c37-bf4f-d5785eb5477a,1
acdf2bda-5a8e-4edc-8f82-afd558b7f391,1
bcd2a76b-99d9-43e4-812f-24e72aeb3d2c,1
5dd3af1a-342a-48a1-a2ab-5800551b37c7,1
defa4123-e5c8-4724-97a1-7e30ad854ca9,1
6356cd9b-abd9-42c8-96a5-ef6842903c13,1
492ee239-f6d4-4ffc-a2f3-87f0cac722b0,1
54e1292f-3c73-41ef-b781-4b46349a822c,1
163ee6d7-0507-4947-9683-5fedf3997f80,1
d9684f2b-f48e-4cd3-b48e-38f2b605f54e,1
d21b8c6f-8ab1-444e-bd9b-77a00e0392a7,1
e6ea1230-72e4-4b80-b471-d2461e7d0261,1
ba83a160-7e3f-4e33-8733-0f63e60f2976,1
3ca24262-2035-44ab-8c84-bbe8696fbcaa,1
265fdf1e-fd3e-419d-9e82-7ef0518b5adf,1
9e4d92c5-f24a-45bc-9537-63f0b5e161c4,1
515435dc-75a8-4fbf-abd2-bb27114dc840,1
3483fd8b-3c6e-4a6c-8791-0ad0f7979493,1
f46be33b-cbab-4e08-8569-ace357a22404,1
9f34ce74-d87b-409a-859b-4f3849a1acee,1
394a336a-fbb7-400b-ad79-e57a468ffe81,1
48764cdf-a598-45ed-b4d6-76c58dd5cf76,1
4eb1380a-b08f-4fa8-aba2-55a6e19b6f8d,1
ae27b3b4-92c9-43da-9f2c-3f1b36de4e7d,1
a7358fcf-bf61-4ac4-9753-bc77bfda82d1,1
4b66aac4-549c-4b7e-8fe0-5f5a6c71d11f,1
bff14926-489f-45eb-bd15-2a31f17dc529,1
2c1f9998-72f7-410f-9c49-f7a1e642a1e1,1
c3d14bde-11ab-424a-b888-560b02d26c0b,1
297cd90c-cbc2-42db-8ebc-a987d498dca4,1
c1cab620-5af4-4f9b-a43b-3015fb7a25cb,1
9140e6cf-926d-48bd-89b1-994d252d650b,1
3a8e62b4-c8b4-4ea9-86e7-6a8b1d96083c,1
8ea8ac93-c63d-465f-bbe3-c43c51cfd82f,1
3287b160-ff0f-47e4-8ae7-ef8f365e0976,1
02719e76-894b-40c7-aba6-6ecdd91b68c9,1
70549ba0-d28a-41e7-a538-837a495d67ed,1
5f5a9f6a-e6bd-4445-b29c-db4d522f4223,1
2012bc90-e334-464b-a279-7d9bd7ce36df,1
5d383cba-075d-4da2-b4c8-25f117cefbe3,1
733f17ff-b425-4caf-9eec-1132130d18b3,1
a2eb628e-0e89-46d4-af4d-2d6b2400331a,1
db9e6bd8-1449-4ee6-bb69-210f9fbb88c1,1
e13288ad-2f6e-4ffc-9caa-f6f9f54d046c,1
b9bd6fb8-2d0f-47a1-b72d-81ea758c9e80,1
b177b161-f4c2-4f96-90a6-56f48007672e,1
d003b107-b0a0-4308-9c7e-a4b047c3c4c8,1
0cfe97c8-5d13-4f32-82d4-00a8454c2976,1
b03fd757-54d2-48b9-b48c-b743461d611b,1
3c01797c-bd0c-4cdd-ae8c-85f0c89b1352,1
ac8004d3-656b-4e40-925e-801be97c8535,1
e9c720b6-b8d9-4aa3-8bb3-ee06f717ff78,1
50cb659c-06c8-40c5-a535-5be7832b98d2,1
bb17827a-9ad9-4197-8c60-e315dff92261,1
ece4a7ae-1d2f-4941-a258-8c1a5a9fa0ba,1
3441aed4-c8dd-4289-994b-d076385452c9,1
e624ca7f-8e98-46ba-9f5b-b99fb562de39,1
cfddaff4-0ce4-49a7-9088-ff06b2c62e03,1
7cf58713-08e7-4707-b0bd-50c688db768f,1
df0aafcb-adc3-4715-983d-ff3af99359e9,1
27f0fd8e-1e1b-48fd-b90e-05573e9b2eac,1
2626771b-ee63-4ac5-ad35-abb471430349,1
dfbf1276-f43f-452f-aff6-72637eb7dbb3,1
223cd1cf-5647-4671-81e9-9e055590015c,1
1716f691-9add-40ce-8621-c22d20ee9402,1
5545efd7-62f4-46d4-84a9-f018c4e99678,1
7bb5dac5-5ae8-43d5-b736-88ad2b28632b,1
4fe1fcb2-1743-4c58-83da-d0cf76b95171,1
f4e6fbad-9659-42a0-bb54-7d2d7efffbda,1
78ef3f85-c0bc-470c-8f4d-88d248f1ba07,1
73319d52-549b-47d9-a1cb-220012ac8183,1
34f6f3dd-c9e4-4159-ac5b-c1ebae356ce8,1
990b605d-cdc5-4ec8-b62f-11a3d51f2b97,1
65ebe6a5-9128-4633-94a8-4f2a6e0e211d,1
a8835a3d-feb7-4daa-9310-e80e1923a410,1
505bf32b-5b85-4b2c-9b8d-d482d253e918,1
99dfc169-a119-477c-9260-2657e2a04c48,1
9922a7d4-44ab-41eb-b789-695e2c3508a9,1
5adceee5-70f6-4aa2-bd11-5f8a22b3f932,1
4d458d95-c8ef-4fe7-aa9f-bb1ca942687f,1
46402b21-0e2a-4a68-b1a9-ec809d7fb5dd,1
5cf57435-9a7a-4002-b8fe-624a1911b469,1
2bbbddf6-ef2d-4e86-be4d-a24c071a392e,1
c406554b-54fa-4677-a098-80afa9c04452,1
153ad4ac-a0ad-46a5-8bf1-f13fb9fe43a3,1
b9c26a11-b807-4807-be44-018953ad3fe7,1
c5f6d248-3603-4cbe-8cb5-6a0f146d6cfe,1
bf957d73-555e-4953-8a57-f23fdcd61ea7,1
b8c1c60b-5241-4014-ae3a-0d3045a4e725,1
347c8a54-9d1a-417e-b6b8-16e83be6a1b4,1
d62e49f8-1cc7-477f-b430-ad85064e56c1,1
d0d9f82c-c5e5-4b49-9193-f9e14e09dc5c,1
d0f8e028-911a-4f2e-8c36-d9bde50183aa,1
bd290853-a801-46e1-b3aa-c6aea533c055,1
8fd1adec-bcef-449e-bde1-3c630fa6a2e0,1
fe4ed9c0-a9f6-4a60-b9ff-e911a199ac72,1
3ffb1534-fb8d-42f2-9a94-dd9cf591de0c,1
a00bc628-9aa5-4e44-800b-7ea36ba99de6,1
41423fe6-1ef1-49c6-95f7-72eadc29a407,1
8d40c21c-efd4-4dfd-853f-b653de4d846b,1
e3b70740-82e6-4995-99c9-c8bf8d16e8ed,1
8a9b640a-870e-4a5e-8d2b-5a575f405a0a,1
c21ed710-a0b7-41ff-9292-2bb061fd929d,1
cb0543bb-0e5c-4389-b0bd-d53365d23f6c,1
261a2353-8f3f-498c-bb12-7cbd0cf08042,1
869fb3e7-9427-4466-a661-d7b74522cc5a,1
70fa7ac6-079a-4ef3-ac73-29c4249ddaed,1
e2be1ae9-1726-4b6b-b890-978795cc1859,1
77ea5175-d5d9-4fc0-910f-4a0af705dc9b,1
95f25447-52e0-4173-8db8-96ae1bc906b2,1
c5ef2d00-ce39-4023-be10-6c999936b143,1
2a0a7a8e-5a23-4802-adc8-f705f6e37666,1
fe530e07-237e-4826-8167-70c2049a8fee,1
861ccf94-1e68-4506-80e8-d43d664792ea,1
e1e443e5-19e9-4b83-bf7b-27938991ff29,1
011948c0-f89d-4cdf-a960-682469a0f5c2,1
f503e76d-6035-425b-bb46-275633b1fb40,1
56b39a41-3e9e-494a-be6f-eba3c866e79a,1
07a1a0d8-856c-4e89-8e93-373dcfe59f78,1
bcaf95a8-116b-45c8-b8c4-7fdb157e8a9e,1
edb4cc20-d3e7-4c47-8a15-33e7a6790f89,1
a6291338-3c7e-4fd9-8340-32d2fb390290,1
f28367ae-e26f-4739-9650-8027851af9dd,1
4f1260a4-7696-482d-9150-fd69804fdef4,1
abc1d914-38a9-4eca-bc46-22c34d3fab59,1
eac90221-65c1-4e12-a7f1-71c4b06debef,1
89b1ab18-65b2-4940-a2cd-746d189a2d02,1
1b7ee3b0-1051-4aa0-b2f2-3f3c003f1541,1
fb00996b-fe9c-449b-8c59-09d9802c681c,1
2f60fde6-898a-4361-a5cb-15d0f7b55293,1
b96cf626-4f8b-4689-b632-4affa6cf22c7,1
0dd72c36-7f49-4ff1-a256-eea590094cac,1
6e51fbde-0e80-4dc9-a22b-79d53f175992,1
943aa0e7-217e-4340-925f-313df1cd6abe,1
866544c8-2214-41e6-a597-86159014dc16,1
1165bf1c-73d5-4ce0-8b06-3d176e8559a5,1
c1abcccf-05e3-488d-a159-45fbbf0bef0d,1
e605d0c3-0101-41ad-87e1-3092d9bc9c32,1
3ab826b6-1d35-4b17-bd72-2974d8fab116,1
688defdc-af8f-4337-99b6-c9433958fdc8,1
71e82637-44b9-4956-87fc-1d94a7abeac6,1
162dfdee-a3dd-412e-8289-9a8d9cdfef63,1
5ee14765-b503-43c0-a441-c8950ea81679,1
9ebe24c3-06fa-42e9-824d-2096c7c90216,1
de4dd713-8ad0-46f0-9365-b3cd0f856b56,1
2d207531-22d8-44ad-a840-fcc5b5dfd133,1
86682538-6362-4bb8-af50-0a0d9fb82d20,1
5bc0beff-4345-49c9-8541-0f226d492d3d,1
1a0682bc-8b6a-4334-9c07-2c9f944da70e,1
3b4c265f-6474-4d82-ad81-36dcb6d8527f,1
489480bd-7f26-4ff4-8b33-ec56223203fd,1
e32dd9d0-79b6-4890-8c43-6bfe23d8ef1e,1
0734a3ac-2bf7-4351-854f-1572b611bb48,1
f5afc08e-f4d0-42d6-b499-eb82bfa3b009,1
bc715a17-daac-4281-b0bc-9d017a8282d2,1
6c885b8c-b285-4af1-9f74-f43172a53aee,1
e2e5db9d-a9a8-40f1-b82c-e2453e58de7b,1
b1e191c2-71db-45cc-9524-29aa9159db6d,1
f1c3e1be-2968-46d3-97b1-65eb4c50fb29,1
531c1289-6b10-4101-a45a-8908da48683b,1
f3cc279e-6db4-4975-838f-8601a542f52b,1
18a7964c-fd8b-4743-af9a-e7bc196c90af,1
45e59cfa-ceb3-41f8-9066-c040e50a4429,1
67426bd7-96e6-4742-a92b-67f5debdd10a,1
3f91f52b-8b0f-4ef9-a584-51a6b4023e7f,1
ea48bd7d-a9bb-4a88-ab26-9a306182b4fe,1
aa25ac26-2fca-4b70-a830-81b8219f5a7c,1
6f3e8931-06d1-425b-bd96-97a5f6bf2483,1
09724ccd-69c3-41a0-8b60-971d07791331,1
a964f928-bc23-4fb4-a90d-5a34203e390c,1
a809c29d-a80f-4c32-9a04-082b574e3873,1
d63b9d81-ee7f-4da7-9c93-022ce8f70a6c,1
cbbb9c13-72e2-4bee-a5eb-27b74f8fb4e3,1
bcd765d0-ef73-41ec-bf82-e15b6aff06a0,1
a5154945-88b6-41e3-8908-5a3b06f74f2e,1
c7c7b8ec-f0ac-4815-a9d3-3ee4d7dd83c0,1
4ddf8f1a-87a6-4622-9b9f-52c6fd8d6163,1
8db186a4-1408-419e-8ad5-020353886d16,1
3bac8ec9-9ba7-42b5-bdba-eb7c84078a15,1
112e79ab-62d7-4c1d-8a1d-d4c896b1f2fa,1
10b7953d-dbf3-4427-b212-f224866b57c4,1
4ee48332-cc46-480a-9988-e688bb2747ee,1
8aaa8076-14a1-41a4-81da-c60a13555086,1
24d386c9-9a89-4ad6-b7d2-e4391c2901ab,1
8120fdb3-922b-4f2c-9020-79a60e4ae4ab,1
3d774ee7-8b49-4555-94fe-eeccdb5d42dd,1
256d9bd4-da53-4b4d-abb7-7166aa3de616,1
5d8489ce-8d02-46a5-8720-b418b9479eae,1
b274de96-7447-45a5-88c9-99e5cad30afe,1
cca0c2b8-935b-4b52-8dd7-952f5ba4e4af,1
66123978-1321-42a5-ba2c-9dfd4022232d,1
97e6c377-6a8a-44d6-b6f6-a3ee9ba0f74f,1
89d47339-2128-4237-9bfb-769850b47c69,1
a90d0ec6-522b-49ef-8a47-3b447c05ffcb,1
01cdb609-5b9e-42dd-bb44-bbd92680ec00,1
f20cd8a9-0060-45c7-b19d-3a4522290e09,1
4ce6f6f9-e286-4628-a038-3652cbe78fbf,1
2622f098-3d58-46b8-9cef-f6a705dd98ce,1
f3c70e55-b74e-468d-ac1a-9db390eaf84f,1
d84a1a0a-b520-4123-8e1c-ebd9c5e028e6,1
0e77889e-6297-4d1f-a007-00430b62ea73,1
c778d24d-d84f-48cd-b3b7-f651fd379104,1
b8c5c023-8fbb-4200-9a4d-ded657464ee8,1
22aeb7fd-98d3-4fa0-9f4b-5db96f280913,1
beec5e59-53c9-4815-b665-5f5d1a55b8e9,1
03438fb5-b2f3-4e77-b2ed-c83009a74d52,1
51f66997-0592-4f44-81ee-a860e9c37cfb,1
a7e82a8c-d264-4d41-9c9d-0490949d937b,1
34aad3e4-6622-456c-b017-50c77356a3ec,1
973519ea-647e-4231-9e04-b3bf56cb084b,1
0f6bfebc-852d-4301-8e4a-02034e12ceca,1
5dae5312-1496-4c06-a5ec-c90e9faf619c,1
adf63780-ccaf-4fdd-bc72-bd228b885dea,1
eac6d5e5-fd74-4778-9870-37a20aa5c366,1
dd4ff8bc-7595-4f34-ac6d-d7b21918da52,1
76fb0d50-18e9-47b6-85ca-26da7a7a6019,1
18fa95ff-997b-444e-b3de-42ee6bd72c31,1
e87b3106-14b7-4c79-8c04-59636926ed21,1
8ce2fade-0500-4aeb-badc-63ebbfe1a738,1
1584dda7-0af2-4e25-8f55-bef0ebd13ac6,1
1ce61c39-2a5e-491d-b0bb-7a6c687e5bb1,1
935dc991-068d-4a61-80f3-410cd2c88469,1
2cb5956b-9c63-4894-8027-88d4a9f786d2,1
ac4555c9-cd90-4348-84e0-dc0b5725553a,1
ee7cb10f-3fdc-4c6e-88fe-49998853be01,1
4c11083a-0309-4ff7-9096-4bdf8f251ca9,1
5e93f44a-9d80-48d0-86b7-3ea50f38387b,1
cca20b64-65c9-401b-bf6a-66e0fff25790,1
4ffba831-03da-430e-81f7-76b8787f2e3e,1
e52676a6-c57f-4e35-8022-03ce395649f2,1
bd9afa1a-5432-45d4-8110-394d4bd8ccaa,1
1da2557c-63fb-49ee-ba84-181e50fdc375,1
01e0d4f3-c17b-4148-b130-233948fef511,1
9e13e29f-f128-4f16-8f52-6adcc7212a75,1
b01b2245-0872-49d3-84ea-3371adc01798,1
14906327-ab12-4c9d-80da-95b265fb2619,1
26801f9c-7bc3-43fd-9070-3812beb943d0,1
b03ecdd7-2c94-483d-b9c7-281aba4233db,1
2330de1e-d2aa-4e94-bc26-a65181018f09,1
c4a2264b-a401-465c-bd1e-5eac9e1ea2ac,1
9e84ea55-5825-41f3-9e32-6ac676d1a0cc,1
3a69b861-cdf3-4805-9758-f6446b8292bc,1
1e1fb32a-3590-4042-a18d-277e41b0db17,1
fcdda888-bb5a-4817-bb4e-aa788e6020e6,1
299e9bc4-cc96-4afe-b3cb-cc33515c6ad0,1
958cd0ba-f204-4bcf-870e-2a31ce510db3,1
b773dd02-539a-4743-83cd-3fbf50df2a6b,1
d6a6bd7f-0e6a-4681-923b-a5188ee15a17,1
9041954f-0b6c-410d-9f53-bdf14dca838b,1
454d25b1-3c6c-4615-bc5e-cbe49fa8f791,1
6c60d236-6625-4a8e-89e0-996cdbd3f307,1
81f4b412-5832-4a09-9347-02e2dafc6de8,1
f54d80d3-77e6-4806-92d8-1d424229f7f8,1
7771f18e-c46d-4708-9787-e9313182dae1,1
725c32fb-6d65-4278-a288-9e42f65c811d,1
efc36f97-ebd5-44f3-981b-035034e5d29e,1
b908ae0b-d11a-4db1-9e0b-faa9ab9cb00f,1
71033412-3e31-4390-94e7-1a1537d418f3,1
2bf46f3c-6e38-42cd-9048-3cc51949c2e2,1
a542548e-f7e8-4150-9b5a-f76d6cc14091,1
503d67d0-aa9c-4981-95dd-4fb25c9df7aa,1
67e29096-f54d-4ccc-bba0-c1e56ce1cab0,1
a14df7e4-5515-4315-ae94-ee66f392a4f1,1
1c7d8ad2-78da-4d39-8be0-73c7b17e0a08,1
6348ba1e-8450-4ec1-8184-c2d47f0730c5,1
7e363ef6-bdf5-4aca-92f3-c2da5b212fe5,1
bc7fa964-64eb-4193-8044-6371a1028bad,1
1935044f-51a6-4417-a1ac-aebfcd33d3f8,1
0d1186a5-34bc-495e-9001-a93edfa59baa,1
9432e546-f89b-47df-a83e-eaf68639dbfe,1
b6f2406a-2d29-42f1-8f9e-36afb8c4e52c,1
2f097ab7-c34f-4309-9a89-c6bf5fba8e8b,1
2805e2d9-5708-4bc1-a934-e8b7fa70d2bd,1
e4d9989b-1069-485c-afbc-680071caa78e,1
257edc92-638e-4a6a-a6b9-9d26b87ebd69,1
609fa485-1fcb-4931-a0d5-aea8573f1a59,1
5578c65a-175b-4566-b588-55401cac6fb1,1
e445f928-f728-45e0-8204-29bf4b80f1a9,1
9ada496e-837d-45ca-b135-d745443cc22f,1
6a8da191-0e12-4d71-9787-d0e8617fe1ca,1
b22a5222-22ce-4fa9-b8eb-5a0afc2bce2a,1
4b0f50ab-a8c6-4c4e-b8c0-d6ef9cb72cef,1
ef7e48a2-791d-44a0-ae28-82146e8182f3,1
86812d2a-10dc-451c-8061-4291ba6e2703,1
d288a4aa-66ba-4f01-ace5-57216065c12c,1
0437630a-bd02-4696-a582-50024e6ec609,1
34184bc6-e56b-4b94-afa3-8149fb214976,1
4d7dfc1c-2ba2-4698-84fc-38a74514ed01,1
7bf0dff0-db87-4f42-b462-ededfda6d01d,1
ab252864-3be5-4a0f-a5f9-a2e603702e43,1
fffdac98-0536-4356-a94e-57ec49ee5688,1
ff2b6928-7627-450f-a79c-9e134d091836,1
eb0d539d-29c9-4bcd-b4ae-eb759586f99c,1
edca24f3-b4bb-433e-9e31-d25b53fedf44,1
b65ec213-0900-4750-a1af-80ad2ac2d0f7,1
decd4ef3-3c0c-4272-85b0-0295d0e021cd,1
d8c4ad65-3c91-4582-a2a5-452cd38b9c76,1
49e00666-6b41-4fbc-9296-7402407f9beb,1
33a7bba0-2ef6-415b-b73c-3dc994b8a86e,1
0fe9fcdf-eb06-4e2c-88d8-04468b427298,1
4f5620d4-9db8-4cfc-a1f5-2fd917472865,1
c347a753-2280-48f8-9a78-8bcff30dd0ac,1
8929322b-7b83-465c-932c-705cd95062d1,1
610f21c9-80a7-4800-aff4-0896878ac6b3,1
06fa097f-85bb-4e50-a39e-7fc96a924680,1
9208eb0e-6e3a-48ef-bb2a-bfd366a0986e,1
a5851a0d-1cd1-4b18-ace9-6f0788abc0da,1
b7426ba4-236a-4a96-bc10-659949f0cafd,1
a636d738-b5a6-4b01-98b5-1c3cafb97d12,1
936c8277-1cf8-4e57-a805-a5e5916863cf,1
6d157621-0176-4b79-9036-092de8988bb4,1
0c9aebdc-69ea-48fd-a63e-7ff4aa1c8d33,1
bbe01d85-7183-4349-b7d6-c419913f5ece,1
384496e2-f85e-4b40-bd3e-a30a72a236ea,1
58e198d1-872c-4981-a9cc-a74ed6317f55,1
128d54a6-a8c2-43e0-bbca-1e0d31b8fe59,1
26b786e6-a35e-4ebf-bc54-9ef14eabb3a4,1
1a0c9561-438f-42bf-a0d1-63e67ab87a91,1
e38e8935-f612-45e0-9ec4-c6efe1d87d90,1
f1c46c74-1582-4f7f-bf35-48cfd3c97660,1
657ff5b6-1328-48fb-a069-adb8e208e290,1
03fbaa8a-3c4f-45df-9dfe-2b79b3c3886c,1
83cb6305-73fe-4c55-b05c-2984a81dd31f,1
7d97e232-8e00-4063-9bdb-07adf6439b31,1
2a94b5e3-978d-4469-b303-56574e5e8425,1
ea040fd5-d39a-4079-a454-f4f0410454fb,1
43cbac90-51cf-409e-82f4-51f5bab2f9f7,1
e59d541e-f166-4211-b687-d9e3228b9c2f,1
539d42a8-f5b8-42ce-9d46-cae5ea278cbb,1
d6f42e0f-8fd4-426f-806d-782594951d29,1
87b21292-8d28-443e-aa80-b6dbf580092b,1
df6f9940-248f-4050-9ca2-27398808d027,1
2c63157f-55ac-453e-a4fc-076a7b19f429,1
12f92a96-331a-4dc3-9e71-53519cd117c1,1
c37cfcef-5785-4e68-bc09-f5c3b20db182,1
7821f775-0509-444a-8904-b4a4a9795437,1
0554a148-415c-4203-ae26-a2ef6e25e5c2,1
e12f31f6-3caf-4014-a106-46cb7f4d4739,1
f4a7f013-1fb9-4034-a201-741a381e3ea0,1
3beec75c-d9a9-4b1a-abe4-2a62eb198fe2,1
de9a0976-c34c-4422-986a-bf89d6f5e003,1
f1ebaa0e-3b8a-42a3-9fc5-d71f13aeb4be,1
9f800242-f743-421a-9395-15177edf008d,1
aa4ead6c-73cb-4f43-afd9-4dcc4913dd54,1
ad37f148-2332-416b-9905-9a318750bb4d,1
5b8a6079-c0d2-4421-bfd0-630613eedc18,1
afd89897-629f-4893-8156-9f1d6d49f736,1
4ab0e113-e0f9-4e67-a4ff-685902e42e14,1
b49b47c7-1ed4-426a-8322-f22e77c1d7f6,1
f523ae0c-07a9-4dae-a845-6d576b9955f0,1
38ed98d2-5515-4980-bc08-d6d9a6a8fb5d,1
515829a8-1d49-4e06-9607-ddfada05e6fa,1
003c77cd-cac3-49da-a69e-730a364cc260,1
a5132900-319b-4977-8ea9-84596262514f,1
1b70ee27-f81f-49f5-8300-2214d116c832,1
d3046c49-4bcd-4ee1-9ad5-73a84ede942e,1
c8c4ed51-9e82-468b-8ad9-ac11f0206066,1
acadfd2d-01f3-4c29-b844-692616c23663,1
073df71f-2980-45c1-8fd0-b7b2e381a81e,1
b53b06ed-fa99-4bfb-bba4-29cdd26ccc31,1
b1e72171-444d-4b35-9c9d-8ebb42ee2a07,1
76520329-8781-4431-a0ca-129df222c607,1
30b85653-389f-4fa3-8619-95157f4a0d30,1
01dadc78-b279-48ee-8e2e-af789846cf3d,1
ac2a265d-9cc4-4f7a-95ee-e286a57275c1,1
493449d6-4084-49dd-8085-f2c7b14367d4,1
df4f5d85-a25a-4066-ab64-356d86cfa6a8,1
46c942d8-6ab8-42a9-a527-6111b11c0f49,1
5316b08c-25d0-4c6f-b5dd-a3e11be8796f,1
fbdcea32-783f-4358-adbe-24c8e887f2c7,1
744657ae-e36d-4168-b2eb-6898706efd59,1
dc1be6ce-248f-475d-bb82-a5ebc63e9304,1
5019c8c8-03cc-49d4-81e0-9ca1f7f1bedf,1
078792c8-aed4-4f66-bc63-76f431dfe5cf,1
6600af05-b0e2-4e11-a3d4-e9b233746e84,1
2be5abf1-f9a5-4e14-b8cd-fc21aadc4310,1
a24255d1-9241-440a-b236-e85ac87e7101,1
a4ca8e66-1ad2-4292-a10a-f392ce2bf1b5,1
9b7f10d1-f34b-4acd-a757-e07283331154,1
ec4d8385-7b0c-40c2-be8a-12ef0b1376ca,1
7587c950-dd99-4bfa-96a1-0eeb37e0c9fa,1
e15df6c0-b510-4b84-b954-77feaec6cfd6,1
de3b0b27-4c7e-4c01-8ac1-fb39d32e89a4,1
10ff76bf-c2d2-483e-a834-09815f3a08a8,1
a50ecc02-ecea-4834-b8ee-b54e8e60ab5a,1
032b0547-7916-4e98-8f5a-91f67ed3de34,1
64d96a31-0991-44f3-bfd2-17ad2a9deb96,1
27acec4e-9f3b-454d-bc39-846d5d8bd81c,1
9d92d135-c728-49b3-93df-cb424092b904,1
de31591e-ffbf-4bcb-a2fe-5619d5bf5e0c,1
6cba60af-c4d5-4f30-8ba2-53d6a3ed191f,1
2143d7e7-47c5-443a-bf7f-52b7a18a9ba7,1
239b91d7-8326-4dc8-9a10-50fd3367de3c,1
258ad49c-7f71-4ddf-9af0-36f0c45e26b8,1
7c9642d3-b73f-4cbc-99de-a09b18710280,1
bc171633-5d87-4eac-a82b-40790f83b879,1
59065805-d4dc-4524-bd50-23ae95f4d3ef,1
147a43aa-d7b6-4d76-b67f-e7d6c3beedf4,1
3b9ecb95-bd3f-4530-846f-bdaef4997d4e,1
30e6f514-c813-4b33-a067-c81a009d8ce0,1
c123a08b-6b39-4e64-a2e6-b2de1b44fcd7,1
3ab1b31e-48f7-4b41-b072-fc2a958072ad,1
b9c3cc43-83e7-42f2-bb0b-c0253c78aee1,1
793e4f9e-fc2e-4be7-b22e-511272e31bde,1
d3543c4c-8ce7-4283-a35d-e834d6c8b085,1
85b16583-e1d1-4349-a7ac-04bcc995f982,1
7295cfe3-26d3-4f78-83be-356958ffed5a,1
abb73198-c4ff-4f33-8d90-eb86666c8d52,1
c1bb0d81-f631-4d9e-9299-61bf7bd06f6b,1
c4a392ef-bd5d-4f25-9dc5-10846c9cfb22,1
a26cd969-8228-4647-b515-451fd9f2cc30,1
0e35158a-5ac1-40df-8e77-1726b3b929a7,1
aad3e72f-4aa4-4f3d-9f8f-0b22153127f2,1
005f7271-89e7-48dd-866b-6f7fca7048a1,1
7d5c8886-955c-4540-ab4e-b291577c96fa,1
567118e4-45ba-4a06-8a99-e7e564a52633,1
52280ffe-46b7-4936-ba0a-712c446d3c94,1
42f0fd77-2af0-4acb-b0ce-7f657f09ad8c,1
082774fb-ac58-41ac-ab3c-6c28fd2c10d1,1
44909afb-ce85-4d27-bae6-8dec289aae60,1
fca7532f-fba8-42fa-8f51-84a8674a079d,1
c0c3327d-bf6a-4a2d-80a0-c8926b79f956,1
eae737d0-f268-48d3-aae6-ad2d8396b4ef,1
103a4d94-0f22-4982-88db-086eb17d3ba9,1
3ce158fe-f135-40b2-aaf5-ee9e7fe99c82,1
667dbbb6-a8a9-4b9d-99f5-ac59c537d132,1
c8e07611-2f7b-490e-9b26-8005d373a62a,1
f7c8fbcf-f310-488a-be8e-01eba3c770f8,1
913d94e7-a26c-4e85-bdef-af098f72ac15,1
aa2d6bf6-04d5-47f3-a095-826f65f631f3,1
32f51948-655c-4bab-8ce4-7d27dfc99424,1
bd7598f9-9151-415f-8808-4f4e77e23dde,1
6bc610dd-45f4-49f8-8329-0d0a0131017a,1
e6a246a1-4080-48d0-ba59-90fcf48df88d,1
fd954f23-ac7d-458a-8fe6-637f15aa6f9f,1
b1f56815-f988-4a39-a00e-e33cb06441f6,1
9259cb34-e5b9-4cbc-b7c0-11bb6839f339,1
b437c86d-9e44-4ef7-8892-5f41d34a561f,1
f2391b66-fb57-444c-b8cf-a0fd81f3e430,1
e0e82a01-082d-42ab-8bcc-89bcbd77e36d,1
d2df26a8-46a1-4315-8e13-0829bed55a2c,1
c3fb9281-4ea6-475f-854f-75b8d3f0d3c9,1
7eccd83a-f025-4110-8683-ff0a55db2e5e,1
5cf8f29c-2ff1-496b-875c-911a956bcc13,1
93a8bf3d-8f38-42b9-8027-6212eaa70d0a,1
dcb9ac13-c818-4b3a-b8d5-721f758a17d9,1
ddb18988-53a6-4eb6-bde5-48ceb728f170,1
f49ebd2e-04aa-4f8c-8aca-1419c7cc7f9f,1
efe05ba3-f33d-43ad-aed5-1f2a0d655fe6,1
86827817-056e-4e61-b7c3-3f3621a87e08,1
5a8a242c-816b-4c4f-8752-e7ecc961cb2d,1
a24a4513-959c-4e27-a4fe-a9115eaff7fb,1
6203293b-46b1-4e42-a40f-6394ae2df708,1
900b1ff5-ec52-473a-b280-a7a983947da3,1
ab48c2f7-0919-41fd-a04e-6d23a26a0f5a,1
affdb3fb-d0ec-4003-b27f-1f534d7ca87f,1
6c46af87-6607-445f-b72f-99127a62f0ea,1
31bbaf8f-a5e7-4040-96ae-d3a5061642a8,1
9a9d66b2-82bf-453d-b4a1-ac1b068fb1c0,1
d6786dc5-7725-4421-a8c5-df199efd59e8,1
cbbea8ae-bb65-4b69-97b2-185864a9c68d,1
9a3e89f2-fc75-475c-b3ac-d2cb1923e73c,1
e6ffa195-fd69-4aa4-9fd5-116e4a73f3e1,1
9985ea42-0f6c-44ea-806a-d626c9d1fe45,1
b3e3059d-f08a-40b8-a054-98b660b975d1,1
b0e5bdb3-f393-471b-b071-c61098b0b668,1
671fd7e3-f03a-45f0-a252-2ed6d7ddac00,1
b2abbf2f-8c79-49a0-9221-8aac8f92ed13,1
a90062ef-9fe7-46bf-af41-45427f9e1e3d,1
666271fe-48a1-4a6a-a74a-8cd874db9ab9,1
7d43619d-3a6a-4ac1-a5dc-973f6d43740c,1
73ceea2b-869f-4d3a-b005-53cdecec0714,1
fc2f55d6-3efd-4e28-ab8d-a565c417500f,1
204d36da-c9f5-4c87-a7c0-32052b6accbb,1
b9d0b901-3834-495b-b02c-b432379ea57c,1
51ee98f4-bb82-41a6-ae8a-54a68d0cc8b0,1
a3f528a7-2dd9-4749-8812-a1cf20db61fa,1
9fc20b9c-0ac4-4dd4-8358-5833fa9ec901,1
5cee5ad1-f2f4-4e17-81b0-17286aaf4dd3,1
24277aba-cc24-45b8-8ad3-36916959e91f,1
0bf571e9-e381-4b1a-bca7-24578e7e3724,1
545cb57e-6202-491f-9064-b649e84dd74c,1
d0f8ff9c-16e4-4e42-82c5-e0a5659aa35b,1
e5950f0d-6c08-4aca-a697-80e02d1bf976,1
ecf9b3ec-e54d-4e0e-ba48-618597fe7548,1
ecd63db4-0b2a-488f-9618-a129fcea9c64,1
b36a1bb9-f925-4b14-acd8-ad2c5fd321e3,1
468c21a6-29d4-4b9a-ab22-5f9881c82178,1
2c86d72c-3742-44a4-91f5-ab7fb21c1956,1
9b85e3e8-807a-4cc5-ac95-6782eb5ccc5a,1
38fa692b-1cb6-4e8f-95bc-83c7b732fd03,1
77da4981-1e64-46d8-a323-714c19f42b30,1
80882104-badd-4275-a6d5-24ce5d00ccd6,1
fd6877a3-ffa8-4c8c-b5c1-09dec5cf7e5c,1
e4e247c3-e71d-4f60-8ed9-2ced04fef223,1
18d2a2ef-d237-4e01-9801-32bd94cbb594,1
745aa034-6c21-403e-acbc-5202d394bccd,1
e6a1e83c-1a7c-4544-8b50-ec64907a7926,1
9819cb8c-7205-4626-a160-bf28ca0d209e,1
2063ae46-7414-4beb-a779-bddb1f7f96a5,1
9ae6874a-b747-4288-8f6c-8ae33ae5990a,1
f3b809fd-2f32-484b-99ad-063af1d2e651,1
8a3a0fc2-1a59-4121-b533-1b4ed789c0fd,1
e469f470-c362-4dc8-8517-8cb6fbceb971,1
b0f3f843-7fc4-4a24-ae75-9740e43298e4,1
d31ed6e3-598b-480d-b6fd-ddba7e61fa6e,1
e978cbb5-5d9c-4248-a39b-e180523ef1b2,1
875b1fb1-9928-4ec3-89b7-06d86a0d69f1,1
0658a35c-63e8-4689-801c-6420b9ba4883,1
7a7a7ed3-6e16-4816-b3d8-19a9f6d377be,1
ba496250-5331-4501-b682-b52d87208996,1
20b43077-aead-43e2-a706-846e5a58a522,1
c1dfd263-ef3f-4a5d-91bc-8a4aaac88948,1
1dd23b70-4114-49db-bc1d-bd02aa234417,1
0d452f88-5fdb-43b5-b0c0-0aee70c91499,1
fc577ee8-4b0d-4709-bec6-36aa5d9926e2,1
daa1925b-c973-4d50-8fa6-48fa4500d4b3,1
9643737e-af80-4f25-b0d1-37536991acd1,1
05b7fcb6-e725-4074-95e9-5a6087a511a8,1
f4fc16d0-151b-4b3e-af53-559a9abd6f52,1
1a222bd9-f826-4460-9af6-ca1c6c491500,1
4cf52c25-c7d2-4795-9189-4d28f2ab44ce,1
40e96864-7195-49c2-991f-4c92fb237321,1
ab942384-986e-46e6-8c5e-c1f57ea0148e,1
087fe4d4-d15d-4b0a-b47e-212f9f621783,1
4cb41c1c-aff1-4970-bc46-ca29606a9091,1
34705720-8d82-44d6-9082-127a7321e062,1
6d98ace2-7d57-4d67-9129-e526b4f240c0,1
ab88955c-72ce-4314-ab41-a537b083e193,1
4e84609f-deb7-4a05-8bfc-c9345e433494,1
8f385f4c-57ca-4263-8491-b612d2826b1c,1
f32cdb5f-829e-4870-b5a1-96157c3c42ce,1
76171a54-7b82-4c43-b650-3f99ce803987,1
476ab9d0-456b-4824-bd2b-76a6fd30aa4a,1
3cc402c4-b79c-4e8b-9e3a-99d33992d49c,1
2a4051b3-f3b3-4d5a-80b1-5b1a2314e72b,1
3cad93e3-6502-4388-aab6-bc0690a1a4a5,1
16b5a930-ca55-4273-87d5-7f9bd1fc8935,1
a6b7d0ec-997c-4fea-83ca-9d03eb473c6f,1
1977739a-a780-4de3-852a-5bf8b2fea832,1
366413ee-0901-4df6-98ae-9d3d19c8948c,1
4221e2b3-b6a0-444f-8f05-479d7dda45a0,1
6f5c7854-c671-425f-abbd-2f7f967c8d38,1
9273695d-0b76-4f08-99ba-61ebdd87c433,1
567a657d-05d3-4ec6-9fe8-7be45c847ea2,1
af1cc77a-6c6c-400d-9f7c-97cdcb7a4c5a,1
9f7f8d81-91d6-4c1b-bbf0-9b0e92991633,1
5670d9cf-bbe0-463e-898d-aad660f75cac,1
54197828-0e8d-4906-a2d7-75aee8392196,1
4a682ca7-31da-467a-9f1d-9a0aecae0fc0,1
9e88de90-cf23-4424-a5fc-fc1d9099a3bf,1
005e43a2-6a3d-4237-851f-92d2ccfb060a,1
8ba1a45c-62a9-45e9-97fa-dfb2a19a31b8,1
0a0df52e-ec5e-4bb9-94d6-490eb4c99171,1
e5b02a98-c6b4-4071-93b4-009d994ce4f5,1
3dbdd1ff-ff80-4da8-8b87-062ec221323a,1
d6a3ca82-acd0-43f0-bafe-c391326ce2c5,1
fe58761c-de75-42f2-be27-cba9fad1e64b,1
ed38df72-c0a1-4d4f-ad20-ba82300c4b45,1
614953c9-3287-4daf-9e30-c290979205a0,1
7cfef585-744e-4e6d-b805-1cfa169125e4,1
fe3bee3a-37c2-4db0-935c-ec7d9a2a8c78,1
230c3202-a60f-47af-a6d9-b8328850b91c,1
bdf042ed-d8b4-4730-bfb5-66f14712f25a,1
fe49bb5c-de42-4aa8-9bfc-ecf578e9cf22,1
8901ffe6-f399-4760-8023-0ca5bade5de3,1
5332e4ca-b2a2-4732-913f-822d6dbac824,1
7aca22b2-4662-4411-bd78-40a9fccd091e,1
27308a44-9f7f-4ed4-afa3-77391f5c3e49,1
9905ba39-8d5f-4adc-8ef2-d0b5352d448a,1
5794ace5-b075-4098-9275-3396db747bf9,1
4c4d28e7-937e-4fcd-80b9-16af99774d44,1
75878226-8cb8-4be2-a31f-ec1b8191d1c5,1
d551fa0d-8ca1-4396-a7f2-573fb996eb94,1
5f993b77-ff35-44f4-908f-37552e9a90cc,1
be13d6df-888b-47e3-aa14-36f3d4c3fe66,1
f98770ed-c317-4bd9-b354-826fdbda499a,1
b76598e5-dc42-441a-8c9d-3e7c82eb07d5,1
0a3e021c-2c14-4527-b044-d91f0e324271,1
f4855882-454a-4b29-8bab-60eba5904af1,1
dcf61ce3-511e-47ce-9506-bd0d17cbac85,1
f64d1093-de4c-44c8-b921-043815388789,1
ffc49531-0b76-4a0b-b708-06185a7e1f6b,1
caa4acce-f0bf-4fcc-af6c-f265602a3ea1,1
615b6db6-f31b-49fe-a5d4-226f932291be,1
8753666d-da54-4ca6-81d7-82b55d6ee9af,1
7d341d82-a56b-4138-887f-7b8041fc5188,1
38fe2a97-3045-416a-b567-f48828256f2f,1
7805d77b-f209-43cb-b0ae-7cb87520a6cc,1
40802533-4a8d-4048-856d-737041eca3f9,1
94360745-64a2-4b06-8562-3926fc5c22cd,1
8634ac41-d1e8-4998-b6f3-a40a25e71938,1
a93732f1-0b4c-4f1b-b903-87903610bab1,1
b3a72172-e198-4e0f-8281-8acb2d4d66c8,1
676915c8-5126-487e-b700-2170cee579f0,1
afafaa21-cf55-4015-bcd0-409510d784d9,1
65557141-a220-4d8f-b192-34f0e7f9d5d3,1
d9398cb5-77df-4d69-8272-8e3543c84adf,1
7a7406c6-f2b5-45f9-bc00-209912d15e0f,1
ed8db1c2-8978-4557-9985-ee76a52eb8f9,1
907b1997-8de7-4aaf-ae63-601fa5a1de21,1
c9764563-d0bc-4333-a53d-3283560d0655,1
8d28b5f9-4939-469d-9a6d-de3571875f34,1
4016981f-dc9f-4a03-829a-ab83e6050f24,1
ac077c8e-93c2-45c5-9a06-7a266a52ee3f,1
8a26f2e3-5f70-44e4-a8cc-6d533638970f,1
1e0ae608-7310-4763-a583-3e7ab0918642,1
8e28c211-dcc8-4302-a687-9684f06ac6d4,1
10199dd8-5ffe-4d32-abaa-248ac151a975,1
42c2afe0-24ce-4d49-8c8b-dd9cc2afa13d,1
95d519f3-00f0-43f0-a1ad-4eee1f37e998,1
f4d6ac2b-48bd-4220-8b10-42dea6b692d2,1
bb73beb8-0a4e-441c-b5fb-2e0b3a0e485c,1
69d68ab7-d3ab-4c43-a395-4687c47bdcd3,1
59647b62-2ced-48e2-9859-d05dd971635c,1
950064ac-b6d4-4bc5-be5c-6f71eda0e879,1
e934c113-38b0-4740-9d4f-3316bfe8cfe4,1
7a529247-3095-4ec0-89b2-8edf0d9caaa6,1
3dfba8c6-17d8-46b3-9f8f-cb5ac6929375,1
735d23f3-cdf8-4bda-a345-e827afe18865,1
